Rank,Platform,Page_Title,Page_views
1,twitter.com,Artificial_ventilation,27263
2,twitter.com,Wikipedia:Unusual_articles,5824
3,facebook.com,BBC,3685
4,reddit.com,Damaskinos_of_Athens,22700
5,youtube.com,BBC_World_Service,41377
6,twitter.com,Kuchisake-onna,3115
7,twitter.com,China_Central_Television,658
8,facebook.com,China_Global_Television_Network,27791
9,twitter.com,Hemolithin,2761
10,twitter.com,Banach–Tarski_paradox,42316
11,twitter.com,Australian_Broadcasting_Corporation,37579
12,youtube.com,Roman_concrete,33725
13,facebook.com,David_Wise_(writer),18692
14,reddit.com,Gary_Plauche,12463
15,facebook.com,Oxygen_therapy,23371
16,reddit.com,Channel_One_Russia,47702
17,youtube.com,William_Howard_Hughes,40336
18,twitter.com,2020_coronavirus_outbreak_in_Italy,13682
19,youtube.com,Al_Jazeera,37851
20,youtube.com,Tommy_Robinson_(activist),13309
21,twitter.com,Coronavirus,28327
22,facebook.com,People's_Television_Network,29744
23,facebook.com,Global_warming,36069
24,youtube.com,Canadian_Broadcasting_Corporation,15605
25,youtube.com,Rajya_Sabha_TV,42729
26,facebook.com,Hoover_Dam,22549
27,youtube.com,BBC,32257
28,twitter.com,James_Robb_(pathologist),48871
29,facebook.com,Xinhua_News_Agency,24121
30,reddit.com,2020_coronavirus_outbreak_in_Sweden,10706
31,youtube.com,"24,601",14001
32,youtube.com,France_24,17499
33,twitter.com,Ball_lightning,7004
34,facebook.com,RT_(TV_network),10235
35,facebook.com,All-Russia_State_Television_and_Radio_Broadcasting_Company,44442
36,youtube.com,Voice_of_America,7287
37,twitter.com,Tensor_tympani_muscle,38513
38,facebook.com,2018_Malaysian_general_election,26571
39,reddit.com,Radio_Free_Asia,47248
40,twitter.com,Lifestyle_(sociology),3805
41,twitter.com,Beijing_Media_Network,15834
42,youtube.com,Squirrel,49049
43,facebook.com,Nazi_Party,41263
44,reddit.com,Fair_use,17514
45,reddit.com,2020_coronavirus_outbreak_in_Poland,34553
46,facebook.com,Zzyzx_(film),3962
47,reddit.com,Munhwa_Broadcasting_Corporation,591
48,twitter.com,Gad_Beck,12474
49,youtube.com,Deutsche_Welle,23955
50,facebook.com,BBC_World_Service,18513
51,twitter.com,History_of_YouTube,1563
52,reddit.com,2020_coronavirus_outbreak_in_Europe,17151
53,reddit.com,"Happy,_Horny,_Gay_and_Sassy",17645
54,facebook.com,Canadian_Broadcasting_Corporation,7071
55,youtube.com,Doordarshan,39352
56,twitter.com,HispanTV,15735
57,twitter.com,Nazi_Party,13125
58,facebook.com,Televisión_Nacional_de_Chile,7624
59,youtube.com,RT_(TV_network),2118
60,youtube.com,Radio_Television_of_Kosovo,42308
61,twitter.com,Special_Broadcasting_Service,21247
62,reddit.com,Wikipedia:In_the_news/Candidates,9624
63,youtube.com,William_Howard_Hughes,17388
64,reddit.com,Jet_Li,11745
65,reddit.com,History_of_the_Jews_in_Puerto_Rico,12232
66,facebook.com,Kentucky_meat_shower,25612
67,facebook.com,Deutsche_Welle,30955
68,youtube.com,List_of_nicknames_used_by_Donald_Trump,31956
69,facebook.com,Twelve_Tribes_communities,38668
70,twitter.com,Barbie_Liberation_Organization,47039
71,facebook.com,PBS,42353
72,youtube.com,Roman_concrete,4785
73,youtube.com,PBS,36153
74,facebook.com,Long-time_nuclear_waste_warning_messages,41588
75,twitter.com,Televisión_Pública_Argentina,42545
76,youtube.com,Red_Queen_hypothesis,9346
77,reddit.com,List_of_OECD_countries_by_hospital_beds,34957
78,reddit.com,Irene_Hervey,18101
79,reddit.com,The_Game_(mind_game),41177
80,twitter.com,Todd_(given_name),25015
81,twitter.com,Kentucky_meat_shower,9265
82,twitter.com,Lok_Sabha_TV,49278
83,youtube.com,Main_Page,39291
84,youtube.com,List_of_country_calling_codes,30444
85,reddit.com,All-Russia_State_Television_and_Radio_Broadcasting_Company,36757
86,facebook.com,Gazprom-Media,1809
87,reddit.com,NHK,22124
88,facebook.com,Turkish_Radio_and_Television_Corporation,4669
89,facebook.com,Mediacorp,48947
90,youtube.com,China_Global_Television_Network,13986
91,reddit.com,Joe_Biden_(The_Onion),25573
92,facebook.com,EITB,44207
93,facebook.com,Gad_Beck,13357
94,facebook.com,Al_Jazeera,36929
95,twitter.com,Global_warming,19630